Timestamp,UserID,Postcode,CO2_ppm
2024-11-04 14:54:18,user000,CF11 6DT,512.0
2024-11-05 00:05:41,user001,CF24 2QA,432.7
2024-11-05 00:34:40,user002,CF5 5NB,875.5
2024-11-05 13:31:57,user003,CF24 2GJ,550.9
2024-11-05 13:34:12,user005,CF3 2fg,200.8
Timestamp,UserID,Postcode,CO2_ppm
2024-11-05 14:05:46,user008,CF11 8FG,202.6
2024-11-05 14:07:03,user010,CF23 5HB,322.4
Timestamp,UserID,Postcode,CO2_ppm
2024-11-05 14:16:26,user012,cf11 7xv,300.2
Timestamp,UserID,Postcode,CO2_ppm
2024-11-05 14:32:47,0909,0909,9090.0
2024-11-05 14:34:30,usercoo,cf11120,12345.0
